{"val-aux/aime_2025/acc/best@4/mean":0.18926666666666664,"val-aux/aime_2024/reward/maj@16/std":0.04640641971645156,"val-aux/aime_2025/score/maj@4/std":0.19430555037953703,"timing_s/agent_loop/slowest/tool_calls":0,"val-aux/aime_2025/score/best@16/mean":-0.5212,"val-aux/aime_2025/acc/worst@2/mean":0.0485,"val-aux/aime_2024/acc/best@4/mean":0.1713666666666667,"val-aux/aime_2025/acc/best@16/std":0.0545271024859426,"val-aux/aime_2024/score/worst@2/mean":-0.9637333333333333,"global_seqlen/balanced_min":484173,"val-aux/aime_2025/acc/best@8/std":0.062264277683910615,"timing_s/agent_loop/slowest/generate_sequences":173.83596101007424,"prompt_length/mean":159.4375,"val-aux/aime_2024/reward/best@30/std":0.31777785150268495,"timing_s/gen":176.2929965571966,"val-aux/aime_2024/acc/worst@8/mean":0.0008666666666666666,"val-aux/aime_2024/acc/maj@16/std":0.02320320985822578,"val-aux/aime_2025/reward/best@2/std":0.21427781837926888,"val-aux/aime_2025/score/mean@30":-0.8044444444444444,"critic/advantages/max":1.678615927696228,"val-aux/aime_2024/reward/best@4/mean":-0.6572666666666667,"val-aux/aime_2025/score/worst@2/std":0.16378721674964625,"val-core/aime_2025/acc/best@30/mean":0.2628333333333333,"val-aux/aime_2024/score/maj@2/mean":-0.8760666666666665,"actor/lr":1e-06,"val-aux/aime_2025/reward/worst@2/std":0.16378721674964625,"val-aux/aime_2025/score/best@16/std":0.1090542049718852,"val-aux/aime_2024/reward/maj@30/std":0.020172577373229254,"val-aux/aime_2025/reward/best@8/std":0.12452855536782123,"val-aux/aime_2024/reward/worst@4/std":0.028341240406737852,"critic/rewards/max":-1.2683863639831543,"timing_s/update_actor":55.92008275794797,"timing_per_token_ms/gen":0.09940803717838931,"val-aux/aime_2025/acc/best@4/std":0.08553496844687511,"val-aux/aime_2025/acc/worst@8/mean":0.0013666666666666666,"val-aux/aime_2025/score/worst@16/mean":-1,"training/global_step":11,"timing_s/agent_loop/generate_sequences/max":173.83596101007424,"val-aux/aime_2025/acc/best@2/std":0.10713890918963444,"response_length/max":8096,"timing_s/step":412.406395861879,"val-aux/aime_2025/score/worst@8/std":0.025042661105348918,"val-aux/aime_2025/reward/worst@8/mean":-0.9972666666666666,"val-aux/aime_2024/score/best@30/mean":-0.11893333333333334,"val-aux/aime_2024/score/maj@8/std":0.08615323913815078,"val-aux/aime_2025/acc/maj@8/std":0.0832610032474647,"global_seqlen/minmax_diff":104433,"val-aux/aime_2025/reward/best@8/mean":-0.5681333333333334,"val-aux/aime_2024/reward/best@16/std":0.4177156333142751,"response_length/clip_ratio":0.0244140625,"val-aux/aime_2024/score/maj@30/std":0.020172577373229254,"actor/pg_clipfrac_lower":0,"val-aux/aime_2024/score/worst@30/mean":-1,"response/aborted_ratio":0,"val-aux/aime_2025/reward/maj@8/mean":-0.7952666666666667,"val-aux/aime_2024/acc/std@30":0.14363227844463117,"val-aux/aime_2025/acc/best@8/mean":0.21593333333333334,"val-aux/aime_2024/reward/best@2/std":0.36255579866286797,"timing_s/reward":0.00014519598335027695,"val-aux/aime_2024/acc/best@8/std":0.2229028552742801,"_wandb":{"runtime":7161},"timing_s/adv":0.16586069599725306,"val-aux/aime_2025/score/worst@4/std":0.09229730159770545,"num_turns/min":2,"timing_s/start_profile":6.765802390873432e-05,"val-aux/aime_2025/score/best@4/mean":-0.6214666666666666,"val-aux/aime_2024/reward/maj@2/mean":-0.8760666666666665,"val-aux/aime_2025/reward/worst@16/std":0,"perf/max_memory_reserved_gb":61.8203125,"val-aux/aime_2024/score/maj@16/std":0.04640641971645156,"val-aux/aime_2024/acc/worst@2/std":0.05501680638756931,"response_length_non_aborted/clip_ratio":0.0244140625,"val-aux/aime_2025/reward/worst@4/std":0.09229730159770545,"val-aux/aime_2024/score/worst@30/std":0,"val-aux/aime_2024/acc/maj@4/mean":0.04206666666666667,"actor/reward_kl_penalty_coeff":0.02,"val-aux/aime_2024/acc/best@16/std":0.20885781665713754,"val-aux/aime_2025/acc/worst@4/std":0.046148650798852726,"val-aux/aime_2025/reward/maj@4/mean":-0.8014666666666667,"val-aux/aime_2025/score/best@8/std":0.12452855536782123,"critic/rewards/min":-54.468563079833984,"val-aux/aime_2024/reward/worst@2/std":0.11003361277513862,"val-aux/aime_2025/score/worst@30/std":0,"val-aux/aime_2025/acc/best@16/mean":0.2394,"val-aux/aime_2024/score/best@2/std":0.36255579866286797,"val-aux/aime_2025/reward/maj@30/std":0.12879611098437463,"val-aux/aime_2025/reward/best@4/std":0.17106993689375022,"perf/cpu_memory_used_gb":440.9920768737793,"val-aux/aime_2024/score/maj@30/mean":-0.9342666666666667,"perf/max_memory_allocated_gb":51.15023422241211,"val-aux/aime_2025/score/worst@2/mean":-0.903,"_timestamp":1.76442220879543e+09,"val-aux/num_turns/mean":2,"val-aux/aime_2024/acc/maj@8/std":0.043076619569075394,"_step":11,"val-aux/aime_2025/reward/worst@16/mean":-1,"val-aux/aime_2024/acc/maj@2/std":0.1441075505155113,"val-aux/aime_2025/score/maj@8/std":0.1665220064949294,"val-aux/aime_2025/reward/maj@30/mean":-0.7692,"val-aux/aime_2025/reward/maj@2/mean":-0.8042666666666667,"val-aux/aime_2025/acc/worst@30/std":0,"timing_s/agent_loop/tool_calls/max":0,"val-aux/aime_2024/reward/maj@8/mean":-0.9305333333333332,"val-aux/aime_2025/score/maj@2/mean":-0.8042666666666667,"val-aux/aime_2024/score/worst@4/mean":-0.9895333333333334,"val-aux/aime_2024/acc/worst@30/mean":0,"timing_s/agent_loop/generate_sequences/min":2.3628605289850384,"val-aux/aime_2024/acc/best@4/std":0.20913289593730042,"val-aux/aime_2024/reward/best@4/std":0.41826579187460083,"timing_s/testing":750.5923799900338,"val-core/aime_2024/acc/best@30/mean":0.44053333333333333,"val-aux/aime_2024/acc/worst@16/mean":3.3333333333333335e-05,"timing_s/agent_loop/slowest/prompt_length":104,"perf/throughput":1174.0191346648191,"val-aux/aime_2024/score/worst@4/std":0.028341240406737852,"val-aux/aime_2024/score/best@4/std":0.41826579187460083,"timing_s/agent_loop/generate_sequences/mean":53.99135621153323,"val-aux/aime_2025/reward/maj@8/std":0.1665220064949294,"val-aux/aime_2025/score/maj@30/mean":-0.7692,"val-aux/aime_2024/reward/worst@16/std":0.002107130750570548,"val-aux/aime_2024/reward/worst@30/std":0,"val-aux/aime_2024/acc/maj@2/mean":0.06196666666666666,"val-core/aime_2024/acc/maj@30/mean":0.03286666666666667,"val-aux/aime_2025/reward/best@2/mean":-0.7043333333333334,"val-aux/aime_2025/acc/std@30":0.11394577768870594,"val-aux/aime_2025/acc/maj@8/mean":0.10236666666666666,"val-aux/aime_2024/reward/best@8/mean":-0.4841333333333333,"critic/rewards/mean":-9.528329849243164,"val-aux/aime_2024/score/maj@2/std":0.2882151010310226,"timing_s/old_log_prob":17.096782492939383,"val-aux/aime_2024/reward/maj@16/mean":-0.9338,"global_seqlen/min":444869,"val-aux/aime_2024/acc/maj@4/std":0.08785633160084881,"val-aux/aime_2025/score/best@2/mean":-0.7043333333333334,"global_seqlen/balanced_max":484173,"critic/score/max":1,"val-aux/aime_2025/reward/best@30/std":0.09872737424628959,"val-aux/aime_2024/score/best@2/mean":-0.784,"val-core/aime_2025/acc/maj@30/mean":0.11539999999999999,"val-aux/aime_2024/reward/worst@30/mean":-1,"val-aux/aime_2024/acc/worst@4/std":0.014170620203368926,"val-aux/aime_2025/acc/worst@4/mean":0.0141,"val-aux/aime_2024/reward/worst@8/mean":-0.9982666666666666,"response_length_non_aborted/max":8096,"val-aux/aime_2025/reward/maj@2/std":0.22360191544614694,"val-aux/aime_2025/reward/worst@8/std":0.025042661105348918,"val-aux/aime_2025/acc/worst@8/std":0.012521330552674459,"val-aux/aime_2024/reward/best@8/std":0.4458057105485602,"val-aux/aime_2025/score/best@2/std":0.21427781837926888,"val-aux/aime_2025/score/maj@30/std":0.12879611098437463,"val-aux/aime_2024/score/std@30":0.28726455688926233,"val-aux/aime_2024/score/worst@8/mean":-0.9982666666666666,"val-aux/aime_2025/reward/std@30":0.22789155537741188,"val-core/aime_2024/acc/maj@30/std":0.010086288686614627,"perf/total_num_tokens":1936692,"response_length_non_aborted/mean":1731.86328125,"val-aux/aime_2025/reward/best@16/std":0.1090542049718852,"response_length/min":44,"val-aux/aime_2024/reward/worst@2/mean":-0.9637333333333333,"val-aux/num_turns/max":2,