{"val-aux/aime_2024/score/worst@8/std":0.011909100161920995,"val-aux/aime_2024/reward/worst@16/std":0.002978441053825157,"val-aux/aime_2025/score/best@4/mean":-0.5685333333333333,"val-aux/aime_2025/reward/best@8/std":0.21207802530555758,"_step":0,"val-aux/aime_2025/score/maj@16/mean":-0.8838,"val-aux/aime_2024/reward/maj@8/std":0.07042478009457534,"val-aux/aime_2025/score/best@8/std":0.21207802530555758,"val-aux/aime_2025/reward/worst@8/std":0.030819033044450925,"val-aux/aime_2024/score/maj@30/std":0.004702245326555296,"val-aux/aime_2025/score/worst@16/mean":-0.9962666666666666,"val-aux/aime_2025/acc/worst@4/std":0.03342429687140687,"val-aux/aime_2025/reward/worst@30/std":0.005938948653685355,"val-aux/aime_2024/acc/best@16/std":0.18127202552887564,"val-aux/aime_2025/acc/maj@8/std":0.08479358081513126,"val-aux/aime_2024/reward/maj@2/std":0.25326115670698574,"val-aux/aime_2024/acc/worst@30/std":0,"val-aux/aime_2025/reward/worst@16/mean":-0.9962666666666666,"val-aux/aime_2025/reward/maj@16/mean":-0.8838,"val-aux/aime_2025/score/maj@2/mean":-0.7992666666666667,"val-aux/aime_2025/reward/worst@8/mean":-0.9835333333333334,"val-aux/aime_2025/score/mean@30":-0.8022222222222222,"val-aux/aime_2025/acc/maj@2/mean":0.10036666666666667,"val-aux/aime_2024/reward/best@16/mean":-0.3562666666666666,"val-aux/aime_2025/reward/maj@2/std":0.2727998586098366,"val-aux/aime_2024/score/mean@30":-0.8844444444444445,"val-aux/aime_2025/reward/maj@4/mean":-0.8284,"val-aux/aime_2024/score/best@30/std":0.2625816092968236,"val-aux/aime_2025/score/best@4/std":0.27218922049516164,"val-core/aime_2024/acc/maj@30/std":0.002351122663277648,"val-core/aime_2025/acc/mean@30":0.09888888888888889,"val-aux/aime_2025/acc/maj@4/std":0.110888372832061,"val-aux/aime_2024/score/worst@4/mean":-0.9871333333333333,"val-aux/aime_2024/acc/worst@16/std":0.0014892205269125785,"val-aux/aime_2024/acc/best@16/mean":0.32186666666666675,"val-aux/aime_2025/reward/maj@8/std":0.16958716163026252,"val-core/aime_2025/acc/maj@30/mean":0.048966666666666665,"val/generations":{"nrows":1,"ncols":61,"sha256":"b3618ecf282ba3241dcdd07b71e6490964dcdda940c07a2b65b17bc9f66d5a79","path":"media/table/val/generations_0_b3618ecf282ba3241dcd.table.json","_type":"table-file","_latest_artifact_path":"wandb-client-artifact://0aae0zbgg3t1n1t0irs8b97iqol3bqi6mt2orpzw9akau2neutnvqaq4bus54m3qupf3mc4xeshoerc60uu4xxdzqthojrvcwkcf43j94gt37ajlxegmqm7zz2nc5tp2:latest/val/generations.table.json","artifact_path":"wandb-client-artifact://r3pv5g8yynodekog9uvngt7bdu43hen2xlsgx3cai4giw0kpo482e1qxq17lf7m74kg1bsyg027eda5ag2zzpktao582k64ztq55v7n9v89nc2jlsj6goca5d91xewaz/val/generations.table.json","log_mode":"IMMUTABLE","size":276831},"val-aux/aime_2024/reward/std@30":0.2578047377796258,"val-aux/aime_2024/acc/worst@8/mean":0.0011,"val-aux/aime_2024/reward/best@4/std":0.3720062813626701,"val-aux/aime_2024/reward/worst@4/std":0.028365335817431715,"val-aux/aime_2025/reward/std@30":0.2695369468936442,"val-aux/aime_2024/acc/maj@16/mean":0.0329,"val-aux/aime_2025/score/worst@2/mean":-0.9105333333333334,"val-aux/aime_2025/score/best@30/std":0.09675698173766355,"val-aux/aime_2025/acc/maj@16/std":0.0566926667544577,"val-aux/aime_2024/score/worst@30/std":0,"val-core/aime_2025/acc/best@30/std":0.048378490868831774,"val-aux/aime_2025/score/maj@4/std":0.221776745664122,"_runtime":405.553797139,"val-aux/aime_2025/score/worst@4/mean":-0.9634,"val-aux/aime_2024/reward/best@8/mean":-0.5385333333333333,"val-aux/aime_2025/score/best@2/std":0.29006514095966557,"val-aux/aime_2024/score/maj@2/mean":-0.8888666666666667,"val-aux/aime_2025/reward/best@16/std":0.14769198561229574,"val-aux/aime_2025/reward/best@4/std":0.27218922049516164,"val-aux/aime_2025/acc/worst@2/std":0.08284706455995236,"val-aux/aime_2025/reward/maj@2/mean":-0.7992666666666667,"val-aux/aime_2024/reward/worst@16/mean":-0.9998666666666668,"val-aux/aime_2024/score/best@16/std":0.3625440510577513,"val-aux/aime_2024/acc/best@4/std":0.18600314068133506,"val-aux/aime_2025/score/maj@4/mean":-0.8284,"val-aux/aime_2024/score/best@2/mean":-0.8121333333333334,"val-aux/aime_2025/acc/worst@4/mean":0.018299999999999997,"val-aux/aime_2024/score/worst@2/mean":-0.9631333333333333,"val-aux/aime_2024/score/best@8/mean":-0.5385333333333333,"val-aux/aime_2025/acc/maj@2/std":0.1363999293049183,"val-aux/aime_2025/reward/maj@4/std":0.221776745664122,"val-aux/aime_2024/reward/worst@2/mean":-0.9631333333333333,"val-aux/aime_2025/acc/best@16/std":0.07384599280614787,"val-aux/aime_2024/score/worst@8/mean":-0.9978,"val-aux/aime_2025/acc/maj@8/mean":0.07173333333333334,"val-aux/aime_2024/acc/std@30":0.12890236888981293,"val-aux/aime_2025/score/worst@8/mean":-0.9835333333333334,"val-aux/aime_2024/acc/worst@30/mean":0,"val-aux/aime_2024/score/best@4/std":0.3720062813626701,"val-aux/aime_2024/score/worst@4/std":0.028365335817431715,"val-aux/aime_2025/score/maj@8/std":0.16958716163026252,"val-aux/aime_2024/score/maj@30/mean":-0.9336666666666666,"val-aux/aime_2024/acc/maj@4/std":0.07698607990859957,"val-aux/aime_2025/acc/maj@16/mean":0.0581,"val-aux/aime_2024/acc/worst@4/mean":0.0064333333333333334,"val-aux/aime_2025/reward/best@2/std":0.29006514095966557,"val-aux/aime_2024/acc/best@2/mean":0.09393333333333334,"val-aux/aime_2024/acc/worst@2/mean":0.018433333333333336,"val-aux/aime_2024/reward/best@4/mean":-0.6935333333333332,"val-aux/aime_2025/acc/best@8/std":0.10603901265277879,"val-aux/aime_2024/acc/best@4/mean":0.15323333333333336,"val-aux/aime_2025/acc/best@2/std":0.14503257047983278,"val-aux/aime_2025/score/worst@16/std":0.015328115054079909,"val-aux/aime_2025/score/best@16/std":0.14769198561229574,"val-core/aime_2024/acc/maj@30/mean":0.033166666666666664,"val-aux/aime_2024/reward/maj@2/mean":-0.8888666666666667,"val-aux/aime_2024/score/std@30":0.2578047377796258,"val-aux/aime_2025/reward/maj@30/mean":-0.9020666666666666,"val-aux/aime_2024/acc/best@8/std":0.19877466297229204,"val-aux/aime_2024/reward/best@8/std":0.3975493259445841,"val-aux/num_turns/mean":2,"val-aux/aime_2024/reward/best@30/std":0.2625816092968236,"val-aux/aime_2024/acc/maj@4/mean":0.03910000000000001,"val-aux/aime_2024/score/worst@2/std":0.09423843633861528,"val-aux/aime_2024/reward/best@16/std":0.3625440510577513,"val-aux/aime_2024/acc/best@2/std":0.15697123116692377,"val-aux/aime_2025/score/best@8/mean":-0.46013333333333334,"val-aux/aime_2025/score/worst@4/std":0.06684859374281374,"val-aux/aime_2024/reward/maj@8/mean":-0.9327333333333333,"val-aux/aime_2024/acc/maj@8/std":0.03521239004728767,"val-aux/aime_2025/score/worst@8/std":0.030819033044450925,"val-aux/aime_2025/score/maj@30/std":0.07988949550379706,"val-aux/aime_2025/reward/best@4/mean":-0.5685333333333333,"val-aux/aime_2024/reward/maj@16/mean":-0.9342,"val-aux/aime_2025/reward/worst@2/std":0.16569412911990472,"val-aux/aime_2025/reward/best@30/mean":-0.3253333333333333,"val-aux/aime_2025/score/std@30":0.2695369468936442,"val-aux/aime_2025/score/worst@30/mean":-0.9994666666666667,"val-core/aime_2024/acc/best@30/std":0.1312908046484118,"val-aux/aime_2024/reward/worst@4/mean":-0.9871333333333333,"val-aux/aime_2024/acc/best@8/mean":0.23073333333333332,"val-aux/aime_2024/acc/worst@4/std":0.014182667908715857,"val-aux/aime_2025/reward/worst@30/mean":-0.9994666666666667,"val-aux/aime_2024/reward/maj@30/std":0.004702245326555296,"val-aux/aime_2025/acc/best@4/std":0.13609461024758082,"val-aux/aime_2024/score/worst@16/std":0.002978441053825157,"val-aux/aime_2025/score/maj@16/std":0.1133853335089154,"val-aux/aime_2024/reward/worst@2/std":0.09423843633861528,"val-core/aime_2025/acc/best@30/mean":0.3373333333333334,"val-aux/aime_2024/reward/worst@30/std":0,"val-aux/aime_2025/reward/worst@16/std":0.015328115054079909,"val-aux/aime_2025/score/maj@8/mean":-0.8565333333333334,"val-aux/aime_2025/acc/worst@16/mean":0.0018666666666666666,"val-aux/aime_2025/score/maj@30/mean":-0.9020666666666666,"val-aux/aime_2024/score/best@16/mean":-0.3562666666666666,"val-aux/aime_2024/score/maj@4/std":0.15397215981719914,