{"_runtime":134.174014972,"train/loss":0.44242262840270996,"train/lr(1e-3)":0.009729729729729731,"train/time(s)":3.4496302604675293,"_timestamp":1.7650011735840302e+09,"_step":36,"_wandb":{"runtime":134}}