{"val/loss":0.10121512413024902,"_wandb":{"runtime":2550},"_runtime":2550.730343288,"train/time(s)":6.120580196380615,"_timestamp":1.7650063190227532e+09,"_step":372,"train/loss":0.08999788761138916,"train/lr(1e-3)":0}