{"train/time(s)":3.6018831729888916,"_timestamp":1.765000756380655e+09,"_wandb":{"runtime":64},"_runtime":64.354160617,"_step":17,"train/loss":0.5625577569007874,"train/lr(1e-3)":0.004594594594594595}