{"val-core/aime_2025/acc/mean@1":0.1,"_wandb":{"runtime":108},"val-aux/num_turns/min":2,"_timestamp":1.7650184897360425e+09,"val-aux/aime_2025/reward/mean@1":-0.6233333388964335,"val-core/aime_2024/acc/mean@1":0.23333333333333334,"val/generations":{"artifact_path":"wandb-client-artifact://xonyeodhm8k6ubak2s5hz0t2xelaemienbi6xkl4evcpfd3wgban4pojuv4muwuq5ieqwj5xna0fdq1si4eie7evppgznpz0qzy137vjp289g8pdngifl9f3zye1es5a/val/generations.table.json","path":"media/table/val/generations_0_995318000e9420f24551.table.json","_latest_artifact_path":"wandb-client-artifact://qzflrv48gzatu7pktpbff8kk7sfu6q8xb0kyou77ncaxns53mc067yb3csibrbvtkqorfrov9zwn7r2loglg4w7htfo65mqzapw4bhrdab2hblbow9elxumjkvgbzr8d:latest/val/generations.table.json","sha256":"995318000e9420f24551b027de9be98efd72d1bdc2d391d2ff3d19328b218f5c","_type":"table-file","size":143751,"ncols":61,"nrows":1,"log_mode":"IMMUTABLE"},"val-aux/num_turns/max":32,"val-aux/num_turns/mean":6.7,"val-aux/aime_2024/reward/mean@1":-0.37666667103767393,"val-aux/aime_2025/score/mean@1":-0.6233333333333334,"val-aux/aime_2024/score/mean@1":-0.37666666666666665,"_step":0,"_runtime":108.770301488}