{"val/generations":{"path":"media/table/val/generations_0_5d128bbaaf5d2bc6ffb5.table.json","sha256":"5d128bbaaf5d2bc6ffb58bf839a92210a716532f4fb78d49cd662f089842c42a","_type":"table-file","log_mode":"IMMUTABLE","_latest_artifact_path":"wandb-client-artifact://ykxq08br6jclbntwk0iakzb7pmdt9ojsu8veh7x9z121opx9d4ukmcplju0o49r77dy9g1pv6r14htkm7o2jjk1643hwcza4tfgshabwgn9k304ki01iwke1f2rkkhrk:latest/val/generations.table.json","artifact_path":"wandb-client-artifact://amn2nwjbuf74bgffovr1f2q0qjild65vadipymo6pjjwf51rdyokjwtku48wbs871zg79en80tng81ln2wtnbm3xcve0zgeqf6qxxauu7j75eobcv230sm9uq8usqgoq/val/generations.table.json","size":116051,"nrows":1,"ncols":61},"val-aux/num_turns/max":16,"val-aux/aime_2025/reward/mean@1":-0.4333333293596903,"val-aux/num_turns/min":2,"_runtime":395.386095621,"val-core/aime_2024/acc/mean@1":0.23333333333333334,"val-core/aime_2025/acc/mean@1":0.2,"_wandb":{"runtime":395},"val-aux/aime_2025/score/mean@1":-0.43333333333333335,"_timestamp":1.7650146071435905e+09,"val-aux/aime_2024/reward/mean@1":-0.3966666618982951,"_step":0,"val-aux/aime_2024/score/mean@1":-0.39666666666666667,"val-aux/num_turns/mean":6.4}