{"val-aux/aime_2025/reward/mean@1":-0.37666666706403096,"val-core/aime_2025/acc/mean@1":0.23333333333333334,"val-core/aime_2024/acc/mean@1":0.13333333333333333,"_wandb":{"runtime":398},"val-aux/aime_2024/score/mean@1":-0.56,"_runtime":398.582563969,"val/generations":{"log_mode":"IMMUTABLE","_type":"table-file","size":111436,"ncols":61,"nrows":1,"artifact_path":"wandb-client-artifact://teysnl7ssgpmto112kmbuu42l9fsu7rchtneldev1x8s53v3lxieekm5s9dhly6to1t5xmz9e69veb243xgvq3urv41c5khvdueiw52fpg04u8fnuidk8mnnmilxnkzf/val/generations.table.json","_latest_artifact_path":"wandb-client-artifact://wxnzzrz6odx314spgo6q267afgdogflk74fxbrsbgxxb0cyg2j3eytqcd3jh3zw7qu7ez8pg911cv3tmsirv37gu4tdb0f6zkcjakqt50a0wc1zjmew8u1nhfs7yuibw:latest/val/generations.table.json","sha256":"548517340d32936a42fe939d8427cccff6db85fe521d9e03afc2cf383f8f2760","path":"media/table/val/generations_0_548517340d32936a42fe.table.json"},"val-aux/aime_2024/reward/mean@1":-0.5599999984105428,"val-aux/aime_2025/score/mean@1":-0.3766666666666667,"_step":0,"val-aux/num_turns/max":16,"val-aux/num_turns/mean":6.966666666666667,"val-aux/num_turns/min":2,"_timestamp":1.7650135529252982e+09}