{"val-aux/AIME2025/score/best@16/mean":0.3711200000000001,"val-aux/num_turns/min":2,"val-aux/AIME2025/score/maj@16/std":0.4161769298978105,"val-aux/AIME2025/acc/best@16/std":0.1493121835827043,"val-aux/AIME2024/reward/worst@2/mean":-0.680141740969817,"val-aux/AIME2024/reward/maj@32/mean":-0.046520423618952436,"val-aux/AIME2025/reward/worst@16/mean":-1.3012410831650099,"val-core/AIME2025/acc/mean@32":0.29375,"val-aux/AIME2025/acc/best@2/std":0.2729364884822164,"val-aux/AIME2024/acc/best@4/std":0.18241019416873117,"val-aux/AIME2024/reward/maj@16/std":0.33990914528523564,"val-aux/AIME2025/acc/worst@32/mean":0.003033333333333333,"val-aux/AIME2024/acc/maj@16/std":0.12078556144570994,"val-aux/AIME2025/reward/best@4/std":0.5135805464561354,"val-aux/AIME2024/acc/best@4/mean":0.5871,"val-aux/AIME2024/reward/worst@32/mean":-1.4446040709892907,"val-aux/AIME2024/score/best@4/std":0.38306140775433545,"val-aux/AIME2025/score/maj@2/mean":-0.4824599999999999,"val-aux/AIME2024/reward/worst@4/mean":-0.9521252176443735,"val-aux/AIME2024/score/worst@2/std":0.5410954535592746,"val-aux/AIME2024/acc/maj@8/mean":0.4917666666666667,"val-aux/AIME2025/acc/best@4/mean":0.5098333333333334,"val-aux/AIME2024/score/best@8/mean":0.28089000000000003,"val-aux/AIME2025/score/best@32/std":0.1850828841857905,"val-aux/AIME2025/reward/maj@32/mean":-0.1480177326599757,"val-aux/AIME2024/reward/mean@32":-0.38328278586268427,"val-aux/AIME2025/acc/worst@8/mean":0.05753333333333333,"val-aux/AIME2024/acc/worst@2/mean":0.2365,"_wandb":{"runtime":2271},"val-core/AIME2025/acc/maj@32/mean":0.47166666666666673,"val-aux/AIME2024/acc/best@2/std":0.2557348650063928,"val-aux/AIME2025/score/maj@16/mean":-0.1798499999999999,"val-aux/AIME2025/acc/maj@2/mean":0.29406666666666675,"val-aux/AIME2024/acc/maj@4/mean":0.44029999999999997,"val-aux/AIME2024/score/worst@16/mean":-1.0710900000000003,"val-aux/AIME2024/reward/best@2/std":0.5648973101492538,"val-aux/AIME2025/acc/maj@4/mean":0.3457,"val-aux/AIME2025/score/maj@8/std":0.47418154729645806,"val-aux/AIME2024/acc/best@16/mean":0.7028000000000001,"val-aux/AIME2024/reward/worst@16/mean":-1.3401361015995343,"val-aux/AIME2024/score/maj@16/std":0.25364967903599095,"val-aux/AIME2025/reward/best@32/mean":0.4957899942755699,"val-aux/AIME2024/reward/best@2/mean":-0.09227393670876824,"val-aux/AIME2025/reward/maj@16/mean":-0.21777256754636767,"val-aux/AIME2024/score/maj@4/mean":-0.17536999999999991,"val-aux/AIME2025/score/best@4/mean":-0.029349999999999963,"val-aux/AIME2025/score/worst@8/std":0.19727398675548902,"val-core/AIME2024/acc/mean@32":0.3625,"val-aux/AIME2024/reward/maj@2/mean":-0.38589965195655823,"val-aux/AIME2024/score/maj@8/std":0.37540661181614415,"val-aux/AIME2025/acc/worst@16/mean":0.017733333333333334,"val-core/AIME2025/acc/best@32/mean":0.7599,"val-aux/AIME2024/score/maj@32/std":0.15662211063259737,"val-aux/AIME2024/acc/std@32":0.29890349531630617,"val-aux/AIME2024/score/best@8/std":0.23943767351159329,"val-aux/AIME2025/reward/maj@8/std":0.5315055142205679,"val-aux/AIME2024/score/best@16/std":0.1359783987718262,"val-aux/AIME2024/score/worst@8/mean":-0.98828,"val-aux/AIME2025/acc/best@2/mean":0.4020333333333334,"val-aux/AIME2025/acc/worst@4/mean":0.1143,"val-aux/AIME2025/score/std@32":0.5949701108293682,"val-aux/AIME2025/reward/maj@16/std":0.47984462186208704,"val-aux/AIME2025/score/maj@8/mean":-0.25957999999999987,"val-aux/AIME2025/score/worst@4/std":0.28892502804010795,"val-aux/AIME2024/acc/best@2/mean":0.48533333333333334,"val-aux/AIME2025/reward/worst@4/mean":-0.9482296956221262,"val-aux/num_turns/mean":11.148958333333333,"val-aux/AIME2024/score/best@2/mean":-0.08079999999999996,"val/generations":{"log_mode":"IMMUTABLE","_latest_artifact_path":"wandb-client-artifact://u1mmlp7t5v34ctk3xsiv8dv6b4vvdqzsrylvm5zi0ztynpc362bbi3omi2u2duzwqo3cmtn21m4bb2fgqgbxu7j9t8s1kwgyky8xeu6wj9bzr8etses851aadg09j16l:latest/val/generations.table.json","size":336734,"sha256":"7d57ebfddfeaabf6099ee65fb7eefac33151479372d8ad1d4bc7aec3e650fc0f","_type":"table-file","ncols":61,"nrows":1,"artifact_path":"wandb-client-artifact://oj6rlezvn2eo5a887tmiu1p0wtf2jxty0283ws4kh9vxjdbnpecsnrch1v0ph8urrlpplx7sd1tpvzrxuauscfjo03odcd2b7fvtrz0o9p6w1qhqpf7mrw6rxui39ce5/val/generations.table.json","path":"media/table/val/generations_0_7d57ebfddfeaabf6099e.table.json"},"val-aux/AIME2025/reward/worst@2/std":0.5132151003438107,"val-core/AIME2024/acc/best@32/mean":0.7250333333333334,"val-aux/AIME2025/reward/std@32":0.6420897770549368,"val-aux/AIME2025/reward/worst@4/std":0.4356654550395404,"val-aux/AIME2024/acc/maj@8/std":0.17876505324578287,"val-aux/AIME2025/score/worst@8/mean":-0.9791800000000002,"val-aux/AIME2024/score/maj@32/mean":0.04128000000000005,"val-aux/AIME2024/reward/maj@4/std":0.5897710350380324,"val-aux/AIME2024/reward/worst@8/std":0.3926137840496974,"val-aux/AIME2024/reward/best@16/std":0.13597840031562505,"val-aux/AIME2024/acc/worst@32/std":0.01262246127249075,"val-aux/AIME2025/reward/best@2/std":0.5805634791865129,"val-aux/AIME2025/score/best@2/std":0.5731666258126548,"val-aux/AIME2025/acc/best@4/std":0.2445621622025329,"val-aux/AIME2024/score/worst@32/mean":-1.0974800000000002,"val-aux/AIME2025/reward/best@8/mean":0.18813999078273774,"_runtime":2271.991002622,"val-aux/AIME2025/acc/worst@16/std":0.05399103457650535,"val-aux/AIME2025/reward/best@4/mean":-0.029350011686484028,"val-aux/AIME2025/reward/maj@2/mean":-0.5073872927904131,"val-aux/AIME2025/reward/best@32/std":0.18508288628708564,"val-core/AIME2024/acc/best@32/std":0.025839295378311377,"val-aux/AIME2024/acc/best@8/std":0.11401793976742533,"val-core/AIME2025/acc/best@32/std":0.08813470675513832,"val-aux/AIME2024/reward/maj@2/std":0.7055233789902741,"_timestamp":1.7640901244721434e+09,"val-aux/AIME2025/acc/maj@2/std":0.28307119255691204,"val-aux/AIME2024/reward/best@32/mean":0.4225699934442838,"_step":0,"val-aux/AIME2025/reward/worst@8/std":0.37498410840260366,"val-aux/AIME2025/reward/best@16/std":0.3135555890835588,"val-aux/AIME2025/score/best@2/mean":-0.2557299999999999,"val-core/AIME2024/acc/maj@32/mean":0.5434666666666668,"val-aux/AIME2024/score/worst@4/std":0.3915677697319484,"val-aux/AIME2024/score/worst@4/mean":-0.8270000000000002,"val-aux/AIME2024/reward/maj@32/std":0.24558321751977502,"val-aux/AIME2025/acc/maj@4/std":0.24982571988329452,"val-aux/AIME2025/score/worst@2/mean":-0.70667,"val-aux/AIME2024/score/worst@32/std":0.02650716867223075,"val-aux/AIME2025/acc/maj@8/mean":0.4002,"val-aux/AIME2024/acc/maj@2/std":0.29882072709583946,"val-aux/AIME2024/acc/worst@32/mean":0.0012000000000000001,"val-aux/AIME2025/reward/maj@4/mean":-0.4010799474716187,"val-aux/AIME2024/reward/worst@8/mean":-1.1792699577530226,"val-aux/AIME2024/reward/maj@8/mean":-0.13265945426225662,"val-aux/AIME2024/reward/maj@8/std":0.4621553876228524,"val-aux/AIME2025/acc/std@32":0.2833191003949373,"val-aux/AIME2025/score/best@8/std":0.4377782697398514,"val-aux/AIME2024/score/worst@16/std":0.10996823236769306,"val-aux/AIME2024/score/maj@8/mean":-0.06728999999999993,"val-aux/AIME2024/reward/best@4/mean":0.13045149435202283,"val-aux/AIME2024/acc/maj@4/std":0.24181272567903686,"val-aux/AIME2024/reward/best@32/std":0.054262520910510696,"val-aux/AIME2024/reward/best@8/mean":0.28082332517703373,"val-aux/AIME2024/acc/worst@4/mean":0.13,"val-aux/AIME2025/score/best@16/std":0.31355558552367907,"val-aux/AIME2025/reward/worst@2/mean":-0.7537122830907506,"val-aux/AIME2025/score/maj@2/std":0.5944495043695153,"val-aux/AIME2024/reward/best@8/std":0.23959151403172704,"val-aux/AIME2025/acc/worst@2/std":0.2055545478511816,"val-aux/AIME2025/score/maj@4/std":0.5246340117549185,"val-aux/AIME2024/acc/worst@8/std":0.1124219594518514,"val-aux/AIME2024/acc/worst@16/std":0.05236582493699662,"val-aux/AIME2025/score/worst@32/std":0.03993178423985762,"val-aux/AIME2024/reward/best@16/mean":0.3758799929141999,"val-aux/AIME2025/score/worst@4/mean":-0.8599700000000002,"val-aux/AIME2025/score/worst@16/mean":-1.0627600000000001,"val-aux/num_turns/max":32,