{"val/loss":0.1964711993932724,"_wandb":{"runtime":1853},"_runtime":1853.035812507,"train/loss":0.18256239593029022,"train/lr(1e-3)":0,"train/time(s)":4.334053993225098,"_timestamp":1.7644442888938684e+09,"_step":372}