{"val-aux/aime_2025/score/best@16/std":0.252866185618234,"val-aux/aime_2024/reward/std@32":0.2239653665754178,"val-aux/aime_2025/reward/maj@2/std":0.2257833144394928,"val-aux/aime_2024/reward/best@2/mean":-0.7017166659692923,"val-aux/aime_2025/score/worst@32/std":0.010992674397562987,"val-aux/aime_2024/acc/maj@2/std":0.07574977581827133,"val-aux/aime_2024/reward/maj@8/std":0.2227716263517947,"val-aux/aime_2025/score/maj@2/std":0.22578332053837363,"val-aux/aime_2024/score/maj@4/mean":-0.7906933333333332,"val-aux/aime_2024/score/worst@2/mean":-0.8900400000000002,"val-aux/aime_2024/reward/worst@2/std":0.11707415562533344,"val-aux/aime_2025/reward/maj@32/std":0.2462622631416944,"val-aux/aime_2024/score/maj@2/std":0.22221266628728928,"val-aux/aime_2025/reward/best@4/std":0.28581914836138067,"val-aux/aime_2025/score/best@4/mean":-0.5754199999999999,"val-aux/aime_2024/score/best@2/std":0.25227091326363565,"val-aux/aime_2024/acc/worst@2/std":0.02235650958464875,"val-core/aime_2024/acc/maj@32/std":0.055221156763930655,"val-aux/num_turns/mean":5.575,"val-aux/aime_2024/reward/maj@2/mean":-0.7958899956941605,"val-aux/aime_2024/acc/best@2/mean":0.04223333333333333,"_runtime":468.011501207,"val-aux/aime_2025/score/best@2/mean":-0.6983833333333334,"val-aux/aime_2024/score/maj@2/mean":-0.7958900000000001,"val-core/aime_2025/acc/best@32/mean":0.26643333333333336,"val-aux/aime_2024/acc/worst@4/mean":0.0002,"val-aux/aime_2025/reward/maj@8/std":0.23990612450300874,"val-aux/aime_2024/score/maj@8/std":0.22277163174419423,"val-aux/aime_2025/score/best@32/mean":-0.19632666666666657,"val-aux/aime_2024/reward/worst@4/std":0.06632374734696946,"val-aux/aime_2025/reward/best@8/std":0.2855613999441138,"val-aux/aime_2025/acc/worst@8/mean":0,"val-aux/aime_2025/reward/best@2/std":0.2602111429467558,"val-aux/aime_2024/acc/best@4/mean":0.07643333333333333,"val-aux/aime_2024/acc/maj@16/std":0.0726258295479493,"val-aux/aime_2025/score/mean@32":-0.7928124999999999,"val-core/aime_2025/acc/mean@32":0.027083333333333334,"val-aux/aime_2024/reward/worst@32/std":0.011683652292690482,"val-aux/aime_2025/score/maj@8/std":0.23990613044270592,"val-core/aime_2024/acc/best@32/std":0.12239615190931738,"val-aux/aime_2025/acc/worst@4/std":0.0018230011885167095,"val-aux/aime_2024/acc/worst@2/mean":0.003533333333333333,"val-aux/aime_2024/reward/best@2/std":0.2522709054944724,"val-aux/aime_2024/score/worst@4/std":0.06632374323502664,"val-aux/aime_2024/score/best@16/std":0.2657254395133346,"val-aux/aime_2024/reward/best@4/std":0.27486837662869323,"val-aux/aime_2025/score/best@4/std":0.2858191542451797,"val-aux/aime_2024/reward/worst@4/mean":-0.941496658807993,"val-aux/aime_2025/reward/best@8/mean":-0.4429433427075544,"val-aux/aime_2025/acc/maj@8/std":0.0871071495253192,"val-aux/aime_2024/reward/worst@16/mean":-0.9867199969609578,"val-aux/aime_2025/reward/maj@32/mean":-0.7493866624315578,"val-aux/aime_2025/score/best@16/mean":-0.3097433333333333,"val-aux/aime_2025/reward/maj@4/std":0.23208961526598149,"val-aux/aime_2025/reward/maj@8/mean":-0.7782666620135307,"val-aux/aime_2025/score/maj@4/mean":-0.7898866666666667,"val-aux/num_turns/min":2,"val-aux/aime_2025/acc/worst@2/std":0.024469297397969103,"val-aux/aime_2024/score/worst@32/mean":-0.9951966666666667,"val-aux/aime_2025/reward/best@2/mean":-0.6983833326180774,"val-aux/aime_2024/acc/worst@16/mean":0,"val-aux/aime_2024/acc/best@4/std":0.12577709669384213,"val-aux/aime_2024/reward/best@16/std":0.26572543759935024,"val-aux/aime_2025/reward/worst@2/std":0.11331551352991459,"val-aux/aime_2025/acc/best@2/mean":0.04696666666666667,"val-aux/aime_2024/acc/std@32":0.07673303899596211,"val-aux/aime_2025/score/best@2/std":0.26021115072593654,"val-aux/aime_2024/reward/maj@32/mean":-0.7555399966637295,"val-aux/aime_2025/acc/best@8/std":0.1440930161411308,"val-aux/aime_2024/acc/maj@2/mean":0.022833333333333334,"val-aux/aime_2024/acc/worst@16/std":0,"val-aux/aime_2025/acc/maj@4/mean":0.029400000000000003,"val-aux/aime_2024/score/maj@16/std":0.21621810928265273,"val-aux/aime_2025/score/worst@2/std":0.11331551534364803,"val-aux/aime_2025/score/maj@32/mean":-0.7493866666666666,"val-aux/aime_2024/acc/maj@4/std":0.07659757433401997,"val-aux/aime_2025/reward/maj@4/mean":-0.7898866619487603,"val-aux/aime_2024/reward/maj@32/std":0.18514726273059248,"val-core/aime_2025/acc/best@32/std":0.10528872472544754,"val-aux/aime_2025/score/maj@8/mean":-0.7782666666666669,"val-aux/aime_2024/reward/worst@8/mean":-0.9706166610022386,"val-aux/aime_2025/acc/worst@2/mean":0.003333333333333333,"val-aux/aime_2024/acc/worst@8/mean":0,"val-aux/aime_2024/reward/worst@32/mean":-0.9951966655234497,"_wandb":{"runtime":468},"val-aux/aime_2024/acc/maj@8/mean":0.03353333333333333,"val-aux/aime_2024/score/best@4/mean":-0.5903133333333332,"val-aux/aime_2025/score/maj@16/mean":-0.7631266666666667,"val-aux/aime_2024/score/mean@32":-0.7961458333333333,"val-aux/aime_2024/score/maj@4/std":0.2238779578490524,"val-aux/aime_2024/reward/best@32/std":0.21448562505065602,"val-aux/aime_2024/score/worst@32/std":0.011683649524832302,"val-aux/aime_2024/acc/maj@8/std":0.07580003336624343,"val-aux/aime_2024/acc/maj@4/mean":0.025733333333333334,"val-aux/aime_2024/score/best@32/mean":-0.21722666666666662,"val-aux/aime_2025/reward/worst@8/std":0.03464419249751704,"val-aux/aime_2025/acc/worst@4/mean":0.0001,"val-aux/aime_2024/score/worst@2/std":0.11707415656652546,"val-aux/aime_2024/reward/best@32/mean":-0.2172266799608866,"val-aux/aime_2025/reward/maj@16/mean":-0.7631266622026761,"val-aux/aime_2024/acc/best@8/std":0.14299813710094567,"val-aux/aime_2025/score/best@8/mean":-0.44294333333333324,"val-core/aime_2025/acc/maj@32/std":0.09118708525424703,"val-aux/aime_2025/reward/worst@4/std":0.057094831618553846,"val-aux/aime_2025/reward/best@16/mean":-0.3097433443526427,"val-aux/aime_2025/reward/worst@2/mean":-0.893899991341432,"val-aux/aime_2025/reward/best@16/std":0.25286618497416735,"val-aux/aime_2024/score/std@32":0.22396537247875287,"val-aux/aime_2025/acc/maj@16/std":0.08925644577146956,"val-aux/aime_2024/reward/worst@16/std":0.023187612236816767,"val-aux/aime_2024/score/worst@4/mean":-0.9414966666666669,"val-aux/aime_2024/score/worst@16/std":0.02318760726540031,"val-aux/aime_2025/acc/worst@32/mean":0,"val-aux/aime_2025/score/worst@16/std":0.02070689003983849,"val-aux/aime_2025/reward/worst@8/mean":-0.967156659859419,"val-aux/aime_2024/score/best@32/std":0.2144856254550107,"val-core/aime_2025/acc/maj@32/mean":0.05236666666666667,"val-aux/aime_2025/score/maj@16/std":0.24390032324630198,"val-aux/aime_2024/reward/best@16/mean":-0.3422300122936567,"val-aux/aime_2024/acc/worst@32/std":0,"val-aux/aime_2025/acc/maj@8/mean":0.03626666666666667,"val-aux/aime_2024/score/maj@32/mean":-0.75554,"val-aux/aime_2024/acc/worst@8/std":0,"val-aux/aime_2025/score/maj@4/std":0.2320896213259297,"val-aux/aime_2024/reward/best@8/std":0.2823973961777548,"val-aux/aime_2025/acc/best@16/std":0.1362508534646017,"val-aux/aime_2024/acc/worst@32/mean":0,"val-aux/aime_2024/reward/worst@8/std":0.03979995863731426,"val-aux/aime_2024/score/worst@8/std":0.03979995251252136,"val-aux/aime_2024/score/maj@16/mean":-0.7590733333333333,"val-aux/aime_2025/score/best@8/std":0.2855614023696812,"val-aux/aime_2024/acc/maj@16/mean":0.04173333333333333,"val-aux/aime_2025/reward/mean@32":-0.7928124953061342,"val-aux/aime_2025/reward/best@32/std":0.18749119781739826,"val-aux/aime_2025/reward/worst@32/mean":-0.9882233305374782,"val-aux/aime_2025/acc/maj@4/std":0.08273879663381915,"val-aux/aime_2025/reward/best@32/mean":-0.1963266781012217,"val-aux/aime_2024/reward/best@4/mean":-0.5903133381108443,"val-aux/aime_2024/reward/maj@4/mean":-0.7906933291832607,"val-aux/aime_2025/score/worst@4/std":0.057094827758995,"val-aux/aime_2025/reward/worst@16/std":0.020706894359955028,"val-core/aime_2024/acc/best@32/mean":0.2533333333333333,"val-aux/aime_2024/score/best@2/mean":-0.7017166666666667,"val-aux/aime_2025/score/maj@2/mean":-0.7978633333333335,