{"_step":0,"_timestamp":1.7650152214542272e+09,"val/generations":{"size":203865,"artifact_path":"wandb-client-artifact://4apu6h6lztuv0s1s3f47ig62yklhocg1ml1ljvm9r74ky5p0w4fyumgfi4wlqqly3lffgu7dev599y209dx23gd18oilfimyk30z5occxwgwvtnnvj0mxjtz4y6kc2go/val/generations.table.json","nrows":1,"_latest_artifact_path":"wandb-client-artifact://uqxontgyfjd97ocxg68do9dd0vm2492qh3pnxy51ekfgn1thc2giog41upi1dmiaj3fdoqjrcmx4bua6wjq1q1x18apuyu7cvrnssqc8ho0ga2sw0dwm6jrh3kvt5mbd:latest/val/generations.table.json","log_mode":"IMMUTABLE","sha256":"508aa1cb084e0110ddf742d27c2c9eac3401f2fe715a7607bec3132730241f2c","_type":"table-file","ncols":61,"path":"media/table/val/generations_0_508aa1cb084e0110ddf7.table.json"},"_wandb":{"runtime":336},"val-aux/aime_2025/score/mean@1":-0.49000000000000005,"val-aux/num_turns/mean":6.333333333333333,"_runtime":336.009443138,"val-core/aime_2025/acc/mean@1":0.2,"val-core/aime_2024/acc/mean@1":0.2,"val-aux/aime_2025/reward/mean@1":-0.4899999976158142,"val-aux/aime_2024/reward/mean@1":-0.40666666825612385,"val-aux/num_turns/max":16,"val-aux/num_turns/min":2,"val-aux/aime_2024/score/mean@1":-0.4066666666666666}