{"val-aux/num_turns/mean":5.366666666666666,"_wandb":{"runtime":296},"val-aux/aime_2024/reward/mean@1":-0.8433333317438761,"val-aux/num_turns/min":2,"val-core/aime_2025/acc/mean@1":0,"val-aux/aime_2025/score/mean@1":-0.8433333333333334,"val-aux/aime_2025/reward/mean@1":-0.8433333297570547,"val-aux/num_turns/max":16,"val-aux/aime_2024/score/mean@1":-0.8433333333333333,"_runtime":296.454072312,"_step":0,"val-core/aime_2024/acc/mean@1":0,"val/generations":{"log_mode":"IMMUTABLE","_type":"table-file","nrows":1,"artifact_path":"wandb-client-artifact://ry08823rve32vjkdl3vzbydp48uybhq0iyse1xxs1ungns18jdghysqdpz83jwhlodvduu5rhokht1wvapmjz2h5feksik27ezqs6ronyl17iwqnvg8ysmlkhb3e7dgf/val/generations.table.json","ncols":61,"_latest_artifact_path":"wandb-client-artifact://gelts577evkz7wujp4qhu53o2ycs36h1zsi4pxlwhsq2p8hhictk6up0355himmxt6a0vhcxvnk68cng5dunw3wf6s4rqgmq6anpaxs5h2m7j84veefc3hw9bs6ax3do:latest/val/generations.table.json","path":"media/table/val/generations_0_839c7fa87334fcf1dd9f.table.json","sha256":"839c7fa87334fcf1dd9f83b6265eb205b0509a0459c25fb265ef4ce97e73b6e9","size":81022},"_timestamp":1.7650159921991491e+09}